{
  "ci": {
    "collect": {
      "startServerCommand": "pnpm preview --port 4173",
      "url": [
        "http://localhost:4173/"
      ],
      "numberOfRuns": 3,
      "settings": {
        "preset": "desktop"
      }
    },
    "assert": {
      "assertions": {
        "categories:performance": [
          "error",
          {
            "minScore": 0.9
          }
        ],
        "categories:accessibility": [
          "error",
          {
            "minScore": 0.9
          }
        ],
        "categories:best-practices": [
          "warn",
          {
            "minScore": 0.75
          }
        ],
        "categories:seo": [
          "error",
          {
            "minScore": 0.9
          }
        ]
      }
    },
    "upload": {
      "target": "filesystem",
      "outputDir": "./.lighthouseci",
      "reportFilenamePattern": "%%PATHNAME%%-%%DATETIME%%-report.%%EXTENSION%%"
    }
  }
}